name,city,state,sales20,sales19,sales18,meals20,meals19,meals18,x,y
Carmine's (Times Square),New York,NY,39080335,36889370,35155786,469803,437566,430773,-73.935242,40.730610
The Boathouse Orlando,Orlando,FL,35218364,35499910,33030849,820819,831375,790174,-81.519249,28.370970
Old Ebbitt Grill,Washington,DC,29104017,33291280,33749638,892830,1013433,1462781,-77.0369,38.9072
Gibson's Bar and Steakhouse,Chicago,IL,25409952,25167986,25414213,348567,350495,357897,-87.6298,41.8781
Prime 112,Miami Beach,FL,23800000,23600000,23400000,206000,204100,202000,-80.1300,25.7907